Datetime,Water Level (m)
2025-06-15 06:00:00,-0.23531246
2025-06-15 07:00:00,-0.1878956
2025-06-15 08:00:00,0.20039128
2025-06-15 09:00:00,0.5556193
2025-06-15 10:00:00,0.97376263
2025-06-15 11:00:00,1.3049766
2025-06-15 12:00:00,1.532566
2025-06-15 13:00:00,1.4830121
2025-06-15 14:00:00,1.2090778
2025-06-15 15:00:00,0.8886433
2025-06-15 16:00:00,0.63720655
2025-06-15 17:00:00,0.40638095
2025-06-15 18:00:00,0.1776065
2025-06-15 19:00:00,0.011707933
2025-06-15 20:00:00,-0.07756707
2025-06-15 21:00:00,0.23850091
2025-06-15 22:00:00,0.6244714
2025-06-15 23:00:00,1.0146132
2025-06-16 00:00:00,1.2058178
2025-06-16 01:00:00,1.2560409
2025-06-16 02:00:00,1.1162629
2025-06-16 03:00:00,0.8719234
2025-06-16 04:00:00,0.64513654
2025-06-16 05:00:00,0.4407907
2025-06-16 06:00:00,0.25134513
2025-06-16 07:00:00,0.11244016
2025-06-16 08:00:00,0.13918008
2025-06-16 09:00:00,0.57028574
2025-06-16 10:00:00,0.99351007
2025-06-16 11:00:00,1.4350244
2025-06-16 12:00:00,1.7252682
2025-06-16 13:00:00,1.8562884
2025-06-16 14:00:00,1.7070016
2025-06-16 15:00:00,1.3815174
2025-06-16 16:00:00,1.0900626
2025-06-16 17:00:00,0.8633438
2025-06-16 18:00:00,0.63049513
2025-06-16 19:00:00,0.43504408
2025-06-16 20:00:00,0.28896922
2025-06-16 21:00:00,0.24190915
2025-06-16 22:00:00,0.53293455
2025-06-16 23:00:00,0.96047115
2025-06-17 00:00:00,1.3202658
2025-06-17 01:00:00,1.474128
2025-06-17 02:00:00,1.4794624
2025-06-17 03:00:00,1.2921426
2025-06-17 04:00:00,1.0187052
2025-06-17 05:00:00,0.7926399
2025-06-17 06:00:00,0.5932444
2025-06-17 07:00:00,0.4159504
2025-06-17 08:00:00,0.30238447
2025-06-17 09:00:00,0.38144982
2025-06-17 10:00:00,0.7516788
2025-06-17 11:00:00,1.2008469
2025-06-17 12:00:00,1.5718151
2025-06-17 13:00:00,1.7985085
2025-06-17 14:00:00,1.8709422
2025-06-17 15:00:00,1.6575894
2025-06-17 16:00:00,1.3304348
2025-06-17 17:00:00,1.0668287
2025-06-17 18:00:00,0.8396669
2025-06-17 19:00:00,0.6093677
2025-06-17 20:00:00,0.422209
2025-06-17 21:00:00,0.27328196
2025-06-17 22:00:00,0.29249918
2025-06-17 23:00:00,0.65318906
2025-06-18 00:00:00,1.0784235
2025-06-18 01:00:00,1.4013121
2025-06-18 02:00:00,1.5455934
2025-06-18 03:00:00,1.5623147
2025-06-18 04:00:00,1.3684535
2025-06-18 05:00:00,1.0886636
2025-06-18 06:00:00,0.8603536
2025-06-18 07:00:00,0.6571522
2025-06-18 08:00:00,0.47181696
2025-06-18 09:00:00,0.34547007
2025-06-18 10:00:00,0.42191917
2025-06-18 11:00:00,0.8025732
2025-06-18 12:00:00,1.2306778
2025-06-18 13:00:00,1.5755116
2025-06-18 14:00:00,1.7734444
2025-06-18 15:00:00,1.8211784
2025-06-18 16:00:00,1.6075145
2025-06-18 17:00:00,1.2971203
2025-06-18 18:00:00,1.045014
2025-06-18 19:00:00,0.8204359
2025-06-18 20:00:00,0.6049166
2025-06-18 21:00:00,0.4240272
2025-06-18 22:00:00,0.27775654
2025-06-18 23:00:00,0.30691838
2025-06-19 00:00:00,0.68527555
2025-06-19 01:00:00,1.1130761
2025-06-19 02:00:00,1.4460658
2025-06-19 03:00:00,1.6082537
2025-06-19 04:00:00,1.6392225
2025-06-19 05:00:00,1.4399619
2025-06-19 06:00:00,1.1515632
2025-06-19 07:00:00,0.9191141
2025-06-19 08:00:00,0.7108086
2025-06-19 09:00:00,0.5183182
2025-06-19 10:00:00,0.3787632
2025-06-19 11:00:00,0.38212383
2025-06-19 12:00:00,0.70127076
2025-06-19 13:00:00,1.121567
2025-06-19 14:00:00,1.4629169
2025-06-19 15:00:00,1.6322974
2025-06-19 16:00:00,1.6745436
2025-06-19 17:00:00,1.4929099
2025-06-19 18:00:00,1.1996793
2025-06-19 19:00:00,0.9527694
2025-06-19 20:00:00,0.7328238
2025-06-19 21:00:00,0.5198024
2025-06-19 22:00:00,0.33515242
2025-06-19 23:00:00,0.18258661
2025-06-20 00:00:00,0.19227025
2025-06-20 01:00:00,0.57109654
2025-06-20 02:00:00,1.0254325
2025-06-20 03:00:00,1.3926778
2025-06-20 04:00:00,1.5760614
2025-06-20 05:00:00,1.6301985
2025-06-20 06:00:00,1.4668981
2025-06-20 07:00:00,1.182297
2025-06-20 08:00:00,0.94452965
2025-06-20 09:00:00,0.7361098
2025-06-20 10:00:00,0.5328298
2025-06-20 11:00:00,0.36489794
2025-06-20 12:00:00,0.2709223
2025-06-20 13:00:00,0.4692256
2025-06-20 14:00:00,0.86630857
2025-06-20 15:00:00,1.2347287
2025-06-20 16:00:00,1.4153032
2025-06-20 17:00:00,1.4520115
2025-06-20 18:00:00,1.3336895
2025-06-20 19:00:00,1.0804027
2025-06-20 20:00:00,0.8314354
2025-06-20 21:00:00,0.6153055
2025-06-20 22:00:00,0.41025162
2025-06-20 23:00:00,0.22835997
2025-06-21 00:00:00,0.0725006
2025-06-21 01:00:00,0.06401568
2025-06-21 02:00:00,0.4508148
2025-06-21 03:00:00,0.9192856
2025-06-21 04:00:00,1.3257847
2025-06-21 05:00:00,1.5366464
2025-06-21 06:00:00,1.6187797
